{
  "NamaBot": "Nata Bot",
  "NamaOwner": "Yeriko",
  "NomorOwnz": "6282132242606",
  "NomorOwnc": "+62 821-3224-2606",
  "NomorOwner": "6282132242606@s.whatsapp.net",
  "YtOwn": "https://youtube.com",
  "GrubBot": "https://chat.whatsapp.com/EkS4MayHspdC1v2warsyVc",
  "GrubBot2": "Soon",
  "FakePdf": "Bot By Yeriko",
  "FakeYt": "Bot Version 7",
  "FakeText": "My Bot",
  "TextDiButton": "Subscribe YouTube Yeriko Desain",
  "HargaPermanen": "25.000",
  "HargaPerbulan": "15.000",
  "HargaPerminggu": "5.000",
  "HargaPremium": "10.000",
  "NomorGopay": "GA PUNYA",
  "NomorDana": "GA PUNYA",
  "NomorOvo": "GA PUNYA",
  "NomorPulsa": "GA PUNYA",
  "autovn":  true,
  "autoketik":  false,
   "antidel":  true,
   "antical":  true,
   "publik": true
}